{"array":[{"enemyPrefab":{"instanceID":11164},"spawnPoints":[{"position":{"x":-20.500001907348634,"y":0.0,"z":12.500000953674317},"rotation":{"x":0.0,"y":0.9063078761100769,"z":0.0,"w":0.4226182699203491}}],"spawnTime":3.0,"timeLeft":3.0},{"enemyPrefab":{"instanceID":11404},"spawnPoints":[{"position":{"x":22.5,"y":0.0,"z":15.0},"rotation":{"x":0.0,"y":0.866025447845459,"z":0.0,"w":-0.5000000596046448}}],"spawnTime":3.0,"timeLeft":3.0},{"enemyPrefab":{"instanceID":11296},"spawnPoints":[{"position":{"x":0.000001430511474609375,"y":0.0,"z":32.000003814697269},"rotation":{"x":0.0,"y":0.9063077569007874,"z":0.0,"w":-0.42261838912963869}}],"spawnTime":15.0,"timeLeft":15.0}]}