{"array":[{"pickupPrefab":{"instanceID":-64788},"spawnZone":{"topRight":{"x":-3.640000104904175,"y":0.0,"z":24.200000762939454},"bottomLeft":{"x":-0.9700000286102295,"y":0.0,"z":-31.010000228881837}},"sizeRadius":0.0}]}