{"array":[{"pickupPrefab":{"instanceID":11596},"spawnZone":{"topRight":{"x":-2.680000066757202,"y":0.0,"z":24.6200008392334},"bottomLeft":{"x":-0.800000011920929,"y":0.0,"z":-30.290000915527345}},"chanceToSpawn":0.800000011920929},{"pickupPrefab":{"instanceID":11710},"spawnZone":{"topRight":{"x":-2.680000066757202,"y":0.0,"z":24.6200008392334},"bottomLeft":{"x":-0.800000011920929,"y":0.0,"z":-30.290000915527345}},"chanceToSpawn":0.20000000298023225}]}